{"products":[{"id":"0.43817188241702354","qty":1}],"totalPrice":12.000000000000002}